,0
1,19금
2,69
3,69자세
4,9cm
5,AV
6,A컵
7,DDR
8,G스팟
9,G스폿
10,SM플레이
11,av
12,av배우
13,가능
14,가랑
15,가랑이
16,가랑이빨이
17,가랑이장사꾼
18,가랭이
19,가리
20,가리개
21,가만
22,가면대준다는
23,가버리
24,가슴
25,가슴개크네
26,가슴골
27,가슴까
28,가슴납작
29,가슴농구공
30,가슴마사지
31,가슴모양
32,가슴변태
33,가슴보게
34,가슴빈약
35,가슴빨
36,가슴작
37,가슴작은
38,가슴커
39,가슴커서
40,가슴큰
41,가슴털기
42,가슴파인
43,가슴팍
44,가운뎃
45,가위
46,가위충
47,가위치기
48,가죽몽댕이
49,가지
50,가짜버지
51,가짜보지
52,가축
53,가출
54,가치
55,가터
56,가터벨트
57,각
58,각선미
59,갈갈이
60,갈겨
61,갈기
62,갈두
63,갈라지
64,갈뽀
65,감
66,감촉
67,값
68,갓양남
69,강간
70,강아지뿔
71,강제
72,강제성관계
73,강제플
74,강직
75,강직도
76,같이
77,개
78,개같이
79,개꼴
80,개꼴려서
81,개꼴리
82,개꼴리네
83,개꼴릿
84,개꼴릿하네
85,개대꼴
86,개따
87,개따먹
88,개따어
89,개따어먹
90,개딱먹고
91,개르레
92,개버지
93,개보지
94,개봉
95,개봊이
96,개불
97,개뷰지
98,개비
99,개빻
100,개뿔
101,개소추
102,개쌀것
103,개좆
104,개좆맛
105,개쥬지
106,개쩔더라
107,개쪼여서
108,개크고
109,개크네
110,개큼
111,개통
112,개통식
113,개허벌
114,갱갠
115,갱뱅
116,거
117,거근
118,거기
119,거리
120,거무튀튀
121,거물
122,거미줄
123,거미줄친
124,거세
125,거스
126,거유
127,거추
128,건포도
129,걷
130,걸래
131,걸래녀
132,걸래년
133,걸레
134,걸레녀
135,걸레년
136,걸레룸
137,걸레야
138,걸레창녀
139,걸창
140,검두
141,검둥이
142,검봊
143,검봊년
144,검스
145,검열
146,검포
147,검포도
148,겁탈
149,것
150,게
151,게이
152,게이바
153,게이트
154,겠
155,겨
156,겨드랑이
157,겨땀
158,겨잠지
159,경련
160,경험
161,계곡주
162,계집
163,계집년
164,계집애
165,고
166,고간
167,고급챙녀
168,고깃덩어리
169,고딩
170,고딩녀
171,고딩년
172,고딩련
173,고래
174,고르
175,고무
176,고삼
177,고오츄
178,고자
179,고추
180,고추물
181,고추주사
182,고치
183,고툭튀
184,고튜
185,고환
186,곧튜
187,곧휴걸래
188,골
189,골라
190,골반
191,골반잘돌리
192,골뱅이
193,골뱅이녀
194,골벵
195,골빈
196,골빈년
197,골빈련
198,곱추
199,곳
200,공용변기
201,공유
202,공장
203,곶
204,곶추
205,곷휴
206,관계
207,관광
208,관음
209,관음증
210,관장
211,관전남
212,괄약근
213,괴롭히
214,교
215,교감
216,교미
217,교미용
218,교복
219,교복치마
220,교정
221,교제
222,구
223,구녕
224,구르
225,구리
226,구매
227,구멍
228,구멍동서
229,구슬
230,구실
231,구홀
232,국물
233,군침
234,굴
235,굴곡
236,굴러
237,굴러먹
238,굴려
239,굴리
240,굴리는
241,굴리다
242,굴복
243,궁댕
244,궁댕이
245,궁뎅이
246,궁둥
247,궁둥이
248,궁둥짝
249,궁디
250,귀
251,귀두
252,귀두나
253,귀두나빨
254,그거
255,그것
256,그날
257,그라
258,그라비아
259,그런
260,그룹
261,그룹섹스
262,그시기
263,그짓
264,그쪽
265,근
266,근본
267,근육졷
268,근질근질
269,근친
270,근친물
271,근친상간
272,글
273,글래머
274,글래머러스
275,글레
276,글레녀
277,글레년
278,글레련
279,글레련아
280,글레룸
281,글레야
282,글레이
283,금딸
284,급탈
285,기
286,기구
287,기능
288,기도
289,기둥서방
290,기모찌
291,기쁨조
292,기생
293,기생오라비
294,기생충
295,기술
296,기슴
297,기운
298,기집
299,기집련
300,기집애
301,기집질
302,김치
303,김치녀
304,김치년
305,깃
306,깊
307,까
308,까고
309,까놓
310,까는
311,까다
312,까지
313,까진
314,까진년
315,깔
316,깔대기
317,깔려서
318,깔리
319,깜보
320,깨
321,꺼츄
322,껄떡
323,껄떡껄떡
324,껄리
325,껌
326,껌딱ㅈ
327,껌딱지
328,껌딱지젖
329,껌젖
330,껌젖러버
331,꼬
332,꼬깔콘
333,꼬끼리
334,꼬도
335,꼬돌이
336,꼬뚝튀
337,꼬리
338,꼬리쳐
339,꼬만튀
340,꼬무룩
341,꼬삼
342,꼬셔서
343,꼬시
344,꼬오츄
345,꼬작남
346,꼬챙이
347,꼬추
348,꼬추물
349,꼬추주사
350,꼬춘
351,꼬춘쿠키
352,꼬춧
353,꼬츄
354,꼬치
355,꼬치바사삭
356,꼬치서
357,꼬치선다
358,꼬털
359,꼬투
360,꼬툭튀
361,꼬튜
362,꼬튜물
363,꼬튜바나나
364,꼭
365,꼭쥐
366,꼭지
367,꼭쮜쓰
368,꼭툭튀
369,꼴
370,꼴려
371,꼴려서
372,꼴려요
373,꼴렸
374,꼴리
375,꼴리ㄹ
376,꼴리ㅁ
377,꼴리게
378,꼴리고
379,꼴리는
380,꼴리다
381,꼴리어서
382,꼴린
383,꼴림
384,꼴림직
385,꼴릿
386,꼴릿꼴릿
387,꼴릿하노
388,꼴릿하다
389,꼴박사
390,꼴알못
391,꼴잘알
392,꼴페미
393,꼴포인트
394,꼼짝
395,꼽
396,꼽아
397,꼽추
398,꼽츄
399,꼽치
400,꽁떡
401,꽂
402,꽂아
403,꽂아넣기
404,꽂아대고
405,꽂아버
406,꽂어
407,꽂은놈
408,꽂히
409,꽂힌년
410,꽃
411,꽃뱀
412,꽃뱀년
413,꽃뱀련
414,꽃추
415,꽃휴
416,꽈리
417,꽈리고추
418,꽈추
419,꽉
420,꽉곽
421,꽉꽉
422,꽐
423,꽐라
424,꽐라녀
425,꽐리
426,꽐리는
427,꾜튜주
428,꾸
429,꾸녕
430,꾸뇽
431,꿀벅지
432,끄
433,끄떡
434,끈
435,끈적
436,끼
437,나
438,나가요
439,나무
440,나이트
441,나체
442,낙태
443,낙태충
444,난교
445,난교파티
446,난봉꾼
447,날
448,남
449,남고딩
450,남자
451,남자홀리
452,남잦
453,남창
454,남친
455,남캠
456,남편
457,납작
458,납작가슴
459,납작하
460,납작해
461,납작해서
462,납치
463,낮져밤이
464,낳
465,낳는
466,내
467,내거
468,내꺼
469,내꺼맛
470,내놓
471,내똥꼬
472,내루미혀
473,내숭
474,내시
475,내연녀
476,냄새
477,냄져
478,냉
479,냉이
480,냐
481,냔들
482,냔들임
483,냠냠
484,너
485,너검마
486,너덜
487,너덜거리
488,너덜보댕
489,너덜보댕이
490,널
491,넓
492,넣
493,넣게
494,넣고싶게
495,넣는
496,넣어
497,넣어주면
498,넣었다뺐다
499,넣을
500,넣을게
501,넣자
502,네
503,넴져
504,녀
505,년
506,년들
507,녕
508,노
509,노가슴
510,노골반
511,노꼴
512,노꼴갑
513,노는
514,노래방
515,노래방도우미
516,노래빠
517,노리개
518,노모
519,노브라
520,노예
521,노예남
522,노예녀
523,노예년
524,노예플
525,노쭈쭈
526,노출
527,노출씬
528,노출증
529,노콘
530,노콘노섹
531,노콘안싸
532,노콘질싸
533,노콘칠사
534,노팬티
535,노포
536,노포쥬지
537,놀
538,놀려
539,놀리
540,놀림
541,놀아나ㄴ
542,농염
543,농익
544,농익게
545,농후
546,놓
547,뇌
548,누나
549,누나건포도
550,누나맛
551,누드
552,누드사진
553,누런
554,누렁내
555,누렇
556,누룽지
557,누워서
558,눈나
559,눈요기
560,눈요깃감
561,눕
562,눕혀
563,눕혀버리고
564,눕히
565,눕히어
566,느개비
567,느갬
568,느검마
569,느금
570,느금마
571,느금빠
572,느끼
573,느낌
574,느라
575,느앰
576,느앱
577,느엠
578,는
579,는금마
580,는다
581,는데
582,늘리
583,능욕
584,니까
585,니좌지
586,니좌지로
587,다
588,다가
589,다까놓
590,다니
591,다루
592,다르
593,다리
594,다리구경
595,다리나벌
596,다리라인
597,다리벌
598,다리벌려
599,다리벌리
600,다리벌린
601,다방
602,다방녀
603,단단
604,단백질
605,달
606,달라
607,달라붙
608,달래
609,달리
610,달린
611,달아
612,달아오르
613,달아오른몸
614,닳
615,닳고
616,닳았
617,닳은
618,당하
619,당하다
620,대
621,대꼴
622,대는
623,대딸
624,대물
625,대상화
626,대소음순
627,대어
628,대어주
629,대어주어라
630,대용
631,대음순
632,대주
633,대주게
634,대주고
635,대주기
636,대주냐
637,대주는
638,대주다
639,대주던데
640,대주라고
641,대주면
642,대주지
643,대준
644,대준거
645,대준다
646,대준다고
647,대준다는
648,대줄
649,대줄테니
650,대줌
651,대줘
652,대줘라
653,대줘서
654,대줘야
655,대줬
656,대줬나
657,대줬으면
658,대추
659,대추서양남
660,대행
661,댄스
662,더듬
663,더듬어
664,더라
665,더러
666,더러운
667,더럽
668,더럽히
669,덕
670,던
671,던데
672,던지
673,던지ㄴ
674,덜
675,덜거리
676,덜렁
677,덜렁거리
678,덜렁덜렁
679,덜렁이
680,덮밥
681,덮쳐
682,덮치
683,덮치고
684,덮치고싶
685,덮치고싶다
686,덮치다
687,덮치러
688,데
689,덱뜨
690,도
691,도구
692,도끼
693,도끼자국
694,도둑
695,도륙
696,도리
697,도우미
698,도쟁이
699,도착증
700,도태
701,도태남
702,도화살
703,돈
704,돈고
705,돌
706,돌려
707,돌려먹
708,돌려먹자
709,돌리
710,돌릴
711,돌림
712,돌림빵
713,돌쇠노릇
714,돌젖
715,동거
716,동굴공유
717,동굴동서
718,동기
719,동꼬
720,동도
721,동서
722,동정
723,동창
724,돼지
725,돼지남
726,되
727,두
728,두드러지
729,두부
730,두알
731,두툼
732,두툼하
733,둔덕
734,둔부
735,뒤
736,뒤로
737,뒤로개장
738,뒤로하
739,뒤치
740,뒤치기
741,뒤태
742,뒷
743,뒷구녕
744,뒷구멍
745,뒷꾸녕
746,뒷문
747,뒷치
748,뒷치기
749,뒷태
750,뒷터널
751,뒹
752,뒹구
753,뒹굴
754,뒹굴어
755,드러나
756,드리
757,들
758,들박
759,들어가
760,들어가다
761,들어간다
762,들이대
763,들이박
764,듬뿍
765,듯
766,등
767,디
768,딜
769,딜도
770,딜도놀이
771,딜도용
772,딜도플레이
773,딥쓰롯
774,딥페이크
775,딩
776,딩굴
777,따
778,따뜻
779,따르
780,따먹
781,따먹고
782,따먹고싶
783,따먹기
784,따먹나
785,따먹냐
786,따먹는
787,따먹는다
788,따먹다
789,따먹어
790,따먹으려고
791,따먹으면
792,따먹은
793,따먹을
794,따먹지
795,따먹히
796,따먹히고
797,따먹히는
798,따먹힐
799,따무
800,따무봄
801,따묵
802,따묵고
803,따묵는데
804,따묵어
805,따문거
806,따뭇
807,따어
808,따어먹
809,딱
810,딱딱
811,딱먹고
812,딱지
813,딱풀
814,딲친
815,딸
816,딸감
817,딸감용
818,딸감임
819,딸깜
820,딸따리
821,딸딸
822,딸랑이
823,딸이나
824,딸이나쳐
825,딸잡
826,딸잡아야
827,딸잡이
828,딸쟁이
829,딸정
830,딸쳐
831,딸쳐도
832,딸쳐야
833,딸쳤겠지
834,딸치
835,딸치겠지
836,딸치고
837,딸치는
838,딸치는데
839,딸치다
840,딸치면
841,딸치지
842,딸칠
843,딸침
844,땀
845,땅콩
846,때
847,때리
848,때십
849,때씹
850,땍스
851,떠먹
852,떡
853,떡각
854,떡감
855,떡값
856,떡도치
857,떡방아
858,떡볶이
859,떡을
860,떡잘알
861,떡쟁이
862,떡정
863,떡질
864,떡집
865,떡쳐
866,떡쳐도
867,떡쳐서
868,떡쳤
869,떡쳤겠지
870,떡치
871,떡치게
872,떡치기
873,떡치기도
874,떡치는
875,떡치다
876,떡치러
877,떡치려고
878,떡친
879,떡친다
880,떡칠
881,떡칠려
882,떡칠맛
883,떡투어
884,떵꼬
885,떼
886,떼십
887,떼싶
888,떼쎅
889,떼씝
890,떼씹
891,떼앂
892,떼우
893,떼우게
894,떼이
895,떽뚜
896,떽뜨
897,떽뜨각
898,떽뜨파티
899,똘똘이
900,똠양꿍
901,똥
902,똥고
903,똥구릉내
904,똥구리
905,똥구멍
906,똥구몽
907,똥까시
908,똥꼬
909,똥꼬값
910,똥꼬맛
911,똥꼬충
912,똥꼬치마
913,똥꼬핥어
914,똥꾸
915,똥꾸녕
916,똥꾸농
917,똥꾸렁내
918,똥꾸멍
919,똥뀨
920,똥내날꺼
921,똥냄새
922,똥냐
923,똥물
924,똥슴
925,똥탱크
926,똥통
927,뚝뚝
928,뚫
929,뚫고
930,뚫는
931,뚫렸
932,뚫리
933,뚫리게
934,뚫어
935,뚫을
936,뚱녀
937,뚱년
938,뜨거워지
939,뜨겁
940,뜨밤
941,라
942,라고
943,라나
944,라는
945,라면
946,라인
947,라인자국
948,락
949,란제리
950,랄부
951,랄부쉰내
952,러
953,러브돌
954,러브젤
955,러브호텔
956,레
957,레깅스
958,레깅스녀
959,레즈
960,레즈비언
961,레즈플
962,레지
963,레지녀
964,려고
965,련
966,로
967,로리
968,로리충
969,로리타
970,로리타년
971,로린
972,로린이
973,로망
974,로비
975,로켓
976,로켓빨
977,로켓빨통
978,룸
979,룸나무
980,룸녀
981,룸린이
982,룸망주
983,룸방
984,룸빵
985,룸빵냔
986,룸빵접대
987,룸살롱
988,룸싸롱
989,룸쌀롱
990,룸알못
991,룸에이스
992,룸진상
993,룸진출
994,룸출근
995,룸출신
996,를
997,리
998,리벤지포르노
999,리얼돌
1000,리퍼뷰지
1001,마누라
1002,마다
1003,마담
1004,마렵
1005,마방
1006,마사지
1007,마사지샵
1008,마음
1009,마케팅
1010,마크
1011,막
1012,막대기
1013,만
1014,만나
1015,만남
1016,만져
1017,만져보고
1018,만져볼
1019,만져봐
1020,만족
1021,만지
1022,만진다
1023,많
1024,말
1025,말거기
1026,말꼬치
1027,말캉
1028,맘마
1029,맘마통
1030,맘충
1031,맛
1032,맛보
1033,맛없
1034,맛잇
1035,맛있
1036,맛있게
1037,맛있게생기
1038,맛있는
1039,맛있다
1040,맛있더라
1041,망
1042,망사
1043,망사녀
1044,맞딸
1045,매끈
1046,매끈하
1047,매끈한다리
1048,매독
1049,매매
1050,매매혼
1051,매춘
1052,매춘녀
1053,매춘부
1054,맥이
1055,맨
1056,맨살
1057,맷퇘지
1058,머
1059,머꼴
1060,머꼴이노
1061,머꼴임
1062,먹
1063,먹고
1064,먹고싶
1065,먹기
1066,먹는
1067,먹는다
1068,먹다
1069,먹든가
1070,먹버
1071,먹버용
1072,먹버충
1073,먹버함
1074,먹보용
1075,먹어
1076,먹어보면
1077,먹어서
1078,먹어주세요
1079,먹으
1080,먹으라고
1081,먹으러
1082,먹으려
1083,먹으면
1084,먹은
1085,먹을
1086,먹을게
1087,먹을때
1088,먹을래
1089,먹음직
1090,먹음직스럽
1091,먹이
1092,먹혀
1093,먹혔는지
1094,먹히
1095,먹히다
1096,멈젖
1097,멍멍
1098,메갈
1099,메갈이
1100,메퇘지
1101,멜라닌보지
1102,멜라닌봊이
1103,멧돼지
1104,멧퇘지
1105,면
1106,면서
1107,멸치
1108,명기
1109,명예흉자
1110,몇컵
1111,모녀
1112,모닝발기
1113,모솔아다
1114,모쏠
1115,모쏠아다
1116,모쏠아다지
1117,모유
1118,모유수유
1119,모태
1120,모텔
1121,모텔각
1122,모텔비
1123,목가치지
1124,목까시
1125,목덜미
1126,목석
1127,목석녀
1128,목욕탕
1129,목줄
1130,몰
1131,몰래
1132,몰카
1133,몰캉
1134,몰캉몰캉
1135,몸
1136,몸값
1137,몸굴
1138,몸굴려
1139,몸굴리
1140,몸대
1141,몸대어
1142,몸대어주
1143,몸대주
1144,몸대주고
1145,몸대주다
1146,몸대줌
1147,몸대줬
1148,몸땡이
1149,몸뚱아리
1150,몸뚱어리
1151,몸뚱이
1152,몸만통하
1153,몸매
1154,몸매봐봐
1155,몸매쥑이
1156,몸매쥑이네
1157,몸보신
1158,몸섞
1159,몸섞은
1160,몸으로
1161,몸을팔든
1162,몸을팔아
1163,몸캠
1164,몸파
1165,몸파는
1166,몸파는년
1167,몸판
1168,몸판다고
1169,몸팔
1170,몸팔다
1171,몸팔던
1172,몸팔려
1173,몸팔아
1174,몸팔아서
1175,몸팔어
1176,몸팔어서
1177,몸팔이
1178,못
1179,못생겨
1180,못참겠어
1181,못하
1182,몽둥이
1183,몽땅
1184,몽정
1185,무
1186,무골반
1187,무난
1188,무드
1189,무발기사정
1190,무슨
1191,무식
1192,묵
1193,묶
1194,묶어
1195,묶이
1196,문견
1197,문대
1198,문란
1199,문신충
1200,문지르
1201,묻어
1202,물
1203,물건
1204,물고
1205,물고빨고
1206,물도
1207,물도빼도
1208,물리
1209,물많
1210,물받이
1211,물빨
1212,물빼
1213,물빼게
1214,물빼기
1215,물뺄
1216,물뺌
1217,물뽕
1218,물소
1219,물을빼
1220,물장사
1221,물주러
1222,물질질
1223,물컹
1224,뭐
1225,뭐냐
1226,므흣
1227,미
1228,미개
1229,미니스커트녀
1230,미드
1231,미만
1232,미사일
1233,미성년자
1234,미시
1235,미시녀
1236,미자
1237,미친
1238,민감
1239,민둥
1240,민둥산
1241,민짜
1242,밀ㄴ
1243,밀크탱크
1244,밎힌
1245,밑
1246,밑가슴
1247,밑도리
1248,밑슴
1249,밑에
1250,밑이헐
1251,밑이헐렁
1252,밑이흥건
1253,밑자라
1254,밑팔아
1255,바나나
1256,바니걸
1257,바닥딸
1258,바디
1259,바람
1260,바르
1261,바스트
1262,바알
1263,바알딱
1264,바이브
1265,바이브레이터
1266,바지
1267,바지내리
1268,바쳐
1269,바치
1270,바텀
1271,바텀역할
1272,박
1273,박겠다는데
1274,박고
1275,박는
1276,박는다
1277,박다
1278,박아
1279,박아넣
1280,박아넣어
1281,박아달라
1282,박아달라고
1283,박아대
1284,박아도
1285,박아버리
1286,박아보고
1287,박아서
1288,박아야
1289,박아주
1290,박아주고
1291,박아주십셔
1292,박아준대
1293,박아줄
1294,박아줄게
1295,박아줘
1296,박어
1297,박어달라
1298,박어도
1299,박으면
1300,박을
1301,박음
1302,박음용
1303,박음직
1304,박음직스럽다
1305,박카스
1306,박해
1307,박혀
1308,박혀야
1309,박히
1310,박히다
1311,박힌
1312,박힐
1313,밖
1314,반려기구
1315,반반
1316,받
1317,받다
1318,받싸
1319,받이
1320,발
1321,발가락
1322,발가벗
1323,발가벗고
1324,발가벗기
1325,발기
1326,발기부전
1327,발기불능
1328,발딱
1329,발딱빨딱
1330,발딱서
1331,발라내
1332,발라당까진
1333,발랑
1334,발랑까져
1335,발랑까지
1336,발랑까진
1337,발아줘
1338,발언
1339,발육
1340,발육상태
1341,발정
1342,발정기
1343,발정나
1344,발정나다
1345,발정난
1346,발정날
1347,발정남
1348,발정났노
1349,발정제
1350,발하
1351,밝
1352,밝히
1353,밝힐것
1354,밝힘
1355,밤
1356,밤기술
1357,밤꽃
1358,밤꽃냄새
1359,밤꽃향
1360,밤낮
1361,밤무대
1362,밤새
1363,밤수발
1364,밤일
1365,밤일스킬
1366,밤짝
1367,밥
1368,밥통
1369,방
1370,방구
1371,방댕
1372,방댕이
1373,방망이
1374,방석집
1375,방아
1376,방앗간
1377,방탕
1378,배
1379,배꼽
1380,배덕
1381,배덕감
1382,배드신
1383,배란기
1384,배빵
1385,배우
1386,백마
1387,백마녀
1388,백형
1389,버
1390,버려
1391,버리
1392,버블
1393,버빨
1394,버지
1395,버진
1396,버짓물
1397,버팔로
1398,벅
1399,벅지
1400,번데기
1401,번따녀
1402,번식
1403,번식장
1404,벌
1405,벌거벗
1406,벌거벗은
1407,벌떡
1408,벌떡벌떡
1409,벌떡주
1410,벌렁
1411,벌렁거리
1412,벌렁벌렁
1413,벌레년
1414,벌려
1415,벌려라
1416,벌려주
1417,벌려주나
1418,벌름벌름한가봐
1419,벌리
1420,벌리ㄴ
1421,벌리고
1422,벌리는
1423,벌리다
1424,벌리든가
1425,벌리면
1426,벌리자나
1427,벌릴
1428,벌어지
1429,벌이
1430,벌통
1431,범죄
1432,범해
1433,벗
1434,벗겨
1435,벗겨놓고
1436,벗겨무야지
1437,벗고
1438,벗기
1439,벗기고
1440,벗기다
1441,벗기어
1442,벗는
1443,벗는거
1444,벗는년
1445,벗다
1446,벗든가
1447,벗방
1448,벗어
1449,벗어나
1450,벗어도
1451,벗어라
1452,벗어서
1453,벗어야지
1454,벗어줘야지
1455,벗으면
1456,벗으면서
1457,벗은
1458,벗은거
1459,벗은몸
1460,벗은사진
1461,벗을
1462,베드신
1463,베이글
1464,벡마
1465,벨트
1466,벽
1467,벽치기
1468,변
1469,변기
1470,변녀
1471,변녀구해
1472,변비
1473,변소
1474,변태
1475,변태녀
1476,변태련
1477,별
1478,별창
1479,별풍
1480,별풍녀
1481,병
1482,병신
1483,보
1484,보G
1485,보내
1486,보내버려
1487,보댕
1488,보댕아
1489,보댕이
1490,보댕이년
1491,보댕이련
1492,보도
1493,보도녀
1494,보도방
1495,보돕보
1496,보둥이
1497,보들
1498,보들보들
1499,보등
1500,보디
1501,보라니
1502,보라니들
1503,보례
1504,보로남불
1505,보룡인
1506,보르노
1507,보릉
1508,보릉내
1509,보릉보릉
1510,보만튀
1511,보박
1512,보비
1513,보비는
1514,보빔
1515,보빗
1516,보빗보빗
1517,보빗털
1518,보빨
1519,보빨남
1520,보빨러
1521,보빨짓
1522,보빨하악
1523,보빨하악함
1524,보슬
1525,보슬아치
1526,보슬이
1527,보어줄만
1528,보여
1529,보여줘
1530,보이
1531,보임
1532,보자마자
1533,보장
1534,보적보
1535,보적보적
1536,보전
1537,보전깨
1538,보정
1539,보주머니
1540,보쥬
1541,보지
1542,보지값
1543,보지년
1544,보지맛
1545,보지물
1546,보지벌렁
1547,보지살
1548,보지질
1549,보지털
1550,보집
1551,보집애
1552,보짓
1553,보짓가랑이
1554,보짓값
1555,보짓구녕
1556,보짓물
1557,보짓살
1558,보짓털
1559,보징
1560,보징어
1561,보징어냄새
1562,보짖
1563,보쯰년
1564,보찢
1565,보찢좌
1566,보추
1567,보털
1568,보털도
1569,보테크
1570,보테크녀
1571,보토
1572,보티
1573,보팔
1574,보팔러
1575,보픈
1576,보픈업
1577,보픈카
1578,보확찍
1579,보확찢
1580,복
1581,복상사
1582,복숭아
1583,복종
1584,본능
1585,볻나
1586,볼것도없
1587,볼륨
1588,볼륨감
1589,봇
1590,봇나
1591,봇물싸개
1592,봇지
1593,봉
1594,봉긋
1595,봉사
1596,봉알
1597,봉지
1598,봊
1599,봊나
1600,봊물싸개
1601,봊살
1602,봊이
1603,봊이갬성
1604,봊이련
1605,봊이털
1606,봊지
1607,봊질
1608,봊찌
1609,봊찌년
1610,봊털
1611,봊포터
1612,봐줄만
1613,뵤지
1614,뵤지년
1615,뵹지
1616,부랄
1617,부뢀
1618,부비
1619,부비부비
1620,부여잡
1621,부위
1622,부유
1623,부전
1624,분사
1625,분수
1626,불
1627,불1알
1628,불가항력
1629,불고기
1630,불고기봊
1631,불긋불긋
1632,불긋불긋하더라
1633,불끈
1634,불끈불끈
1635,불능
1636,불륜
1637,불만
1638,불방망이
1639,불법
1640,불빠따
1641,불쏘시개
1642,불알
1643,불여시
1644,붓
1645,붓내
1646,붕가
1647,붕가붕가
1648,붕알
1649,뷰랄
1650,뷰지
1651,뷰지값
1652,뷰지년
1653,뷰지대
1654,뷰지동서
1655,뷰지련
1656,뷰지맛
1657,뷰지벌렁
1658,뷰지헐
1659,븅
1660,브
1661,브라
1662,브라가
1663,브라끈
1664,브라자
1665,브래이지어
1666,브래지어
1667,브레이지어
1668,브레지어
1669,브로커
1670,븨융
1671,비
1672,비누
1673,비대
1674,비디오
1675,비린내
1676,비밀
1677,비밀친구
1678,비비
1679,비빌
1680,비아그라
1681,비치
1682,비키니
1683,빅딕
1684,빅파이
1685,빅홀
1686,빈
1687,빈약
1688,빈유
1689,빈유가
1690,빈유인
1691,빠
1692,빠구리
1693,빠나나
1694,빠느
1695,빠는
1696,빠딱빠딱
1697,빠딱이
1698,빠세여
1699,빠지
1700,빠진
1701,빠트려
1702,빡
1703,빡끈
1704,빡촌
1705,빡촌에이스
1706,빤다
1707,빤대
1708,빤스
1709,빤쓰
1710,빤쭈
1711,빨
1712,빨가벗
1713,빨간비디오
1714,빨갛
1715,빨개
1716,빨고
1717,빨기
1718,빨긴
1719,빨길
1720,빨다
1721,빨도록
1722,빨딱
1723,빨딱거리
1724,빨딱빨딱
1725,빨딱서
1726,빨래판
1727,빨려
1728,빨리
1729,빨리다
1730,빨리어
1731,빨면
1732,빨면서
1733,빨아
1734,빨아댄다
1735,빨아먹
1736,빨아보
1737,빨아서
1738,빨아재껴
1739,빨아재끼
1740,빨아주
1741,빨아주는
1742,빨아주는데
1743,빨아줄
1744,빨아줄까
1745,빨어
1746,빨어라
1747,빨어주
1748,빨지
1749,빨통
1750,빨통와꾸
1751,빨통이
1752,빨통죽여주네
1753,빳빳
1754,빵
1755,빵꾸
1756,빵꾸동서
1757,빵댕
1758,빵댕이
1759,빵댕이에
1760,빵뎅
1761,빵뎅이
1762,빵디
1763,빵빵
1764,빵빵하
1765,빵빵한
1766,빵빵한엉덩이
1767,빻
1768,빻고
1769,빻은
1770,빻은년
1771,빼
1772,빼ㄴ
1773,빼고
1774,빼다
1775,빼러
1776,빼려고
1777,빼보
1778,빼보려고
1779,빼빼
1780,빼빼로
1781,빼야지
1782,빽보
1783,빽보야
1784,빽뷰지
1785,뺀티
1786,뺄까
1787,뺏
1788,뺜쮸
1789,뺴
1790,뺴빼로
1791,뻑가
1792,뻔데기
1793,뻘
1794,뽀뽀
1795,뽀얗
1796,뽀지
1797,뽑
1798,뽑고
1799,뽕
1800,뽕녀
1801,뽕브라
1802,뽕아리지
1803,뽕알
1804,뽕알친구
1805,뿅가게
1806,뿌랄
1807,뿌리
1808,뿡
1809,뿡알
1810,쀼지
1811,사
1812,사가치
1813,사과
1814,사냥
1815,사먹
1816,사먹을
1817,사안
1818,사어
1819,사육
1820,사이즈
1821,사장
1822,사정
1823,사진
1824,사창가
1825,사타구니
1826,산
1827,산부인과
1828,산삼
1829,살
1830,살결
1831,살덩어리
1832,살랑
1833,살랑살랑
1834,살살
1835,살색
1836,살스
1837,살집
1838,삼
1839,삼분카레
1840,삼삼
1841,삼연딸
1842,삽
1843,삽입
1844,삿까쉬
1845,상
1846,상간
1847,상납
1848,상노
1849,상딸
1850,상사
1851,상상
1852,상상딸
1853,상위
1854,상체
1855,상폐
1856,상폐녀
1857,상폐노처녀
1858,상품
1859,새
1860,새끈
1861,새끈남
1862,새끈빠끈
1863,새끈빡끈
1864,새끼
1865,새따
1866,새리
1867,새액근
1868,새액남
1869,새액파
1870,색
1871,색기
1872,색기좔좔
1873,색드립
1874,색스
1875,색시
1876,색욕
1877,색정
1878,색파
1879,색희
1880,생겨
1881,생기
1882,생긱
1883,생리
1884,생리질
1885,생리혈
1886,생수
1887,생수녀
1888,생식기
1889,생체딜도
1890,생체오나홀
1891,샤워기
1892,샹년
1893,서
1894,서ㄹ
1895,서게
1896,서기
1897,서긴
1898,서나
1899,서냐
1900,서다
1901,서비스
1902,서양남
1903,서양녀
1904,서윗
1905,서지
1906,석
1907,섞
1908,섞어
1909,섞으
1910,선다
1911,선다고
1912,선수
1913,설
1914,설거
1915,설거지
1916,섬
1917,섬숭이
1918,섯다
1919,섰
1920,섰던
1921,섰어
1922,성
1923,성감
1924,성감대
1925,성경험
1926,성관계
1927,성관계동영상
1928,성괴오크
1929,성기
1930,성기능
1931,성기터지
1932,성기터질
1933,성긴
1934,성난엉덩이
1935,성노리개
1936,성노리게
1937,성노예
1938,성도구
1939,성매매
1940,성매매업소
1941,성매수
1942,성범죄
1943,성범죄자
1944,성병
1945,성봉사
1946,성상납
1947,성상품화
1948,성생활
1949,성애
1950,성애자
1951,성욕
1952,성욕처리
1953,성욕풀이
1954,성욕해소
1955,성욕해소제
1956,성인
1957,성인물
1958,성인영상
1959,성인용품
1960,성적
1961,성적대상화
1962,성적매력
1963,성적인
1964,성적인노예
1965,성적폭행
1966,성전환
1967,성접대
1968,성진
1969,성진국
1970,성착취
1971,성처리
1972,성추행
1973,성충동
1974,성팔아
1975,성폭력
1976,성폭행
1977,성해소용
1978,성행위
1979,성희롱
1980,세
1981,세끈남
1982,세요
1983,세우
1984,세우게
1985,세워
1986,섹
1987,섹1스
1988,섹기
1989,섹끈
1990,섹드립
1991,섹뜨
1992,섹뜰
1993,섹머신
1994,섹수
1995,섹쉬
1996,섹슈얼
1997,섹스
1998,섹스감
1999,섹스토이
2000,섹스파티
2001,섹스할
2002,섹시
2003,섹잘알
2004,섹정
2005,섹터
2006,섹터디
2007,섹트
2008,섹파
2009,섹파하려다
2010,섹프
2011,섹하면서
2012,섹함
2013,섹히
2014,섻스
2015,소
2016,소녀
2017,소년
2018,소물
2019,소속사
2020,소시지
2021,소아
2022,소아성애
2023,소아성애자
2024,소음순
2025,소젖
2026,소주
2027,소중
2028,소중이
2029,소중이수술
2030,소추
2031,소추라
2032,소추성형
2033,소추소념
2034,소추소심
2035,소추야
2036,소추한남
2037,속
2038,속궁합
2039,속바지
2040,속살
2041,속옷
2042,속정
2043,손
2044,손가락
2045,손길
2046,솔로
2047,솜털조개
2048,솟은꼭지
2049,솟추
2050,수
2051,수간
2052,수건
2053,수놈
2054,수박
2055,수박덩어리
2056,수북
2057,수북이
2058,수술
2059,수용소
2060,수위
2061,수유
2062,수유기관
2063,수중
2064,수캐
2065,수컷
2066,수컹
2067,수컹수컹
2068,순
2069,순결
2070,순산
2071,순산형엉덩이
2072,순종
2073,술
2074,술떡녀
2075,술집
2076,술집녀자
2077,술집년
2078,술집에이스
2079,술집여자
2080,술집출신
2081,숨
2082,숨기
2083,숨통
2084,숫처녀
2085,숫총각
2086,숫퇘지
2087,쉬
2088,쉬운여자
2089,쉰내
2090,쉽
2091,쉽게벌리
2092,스는
2093,스다
2094,스벌년
2095,스색
2096,스섹
2097,스섹파티
2098,스시
2099,스시녀
2100,스시년
2101,스엑스
2102,스와핑
2103,스윗소추
2104,스캇
2105,스커트
2106,스킨쉽
2107,스킬
2108,스타킹
2109,스트리퍼
2110,스트립
2111,스트립쇼
2112,스트립쇼걸
2113,스팟
2114,스팽킹
2115,스포
2116,스포ㄴ
2117,스포츠
2118,스폰
2119,스폰서
2120,스폰지
2121,스폿
2122,슬랜더
2123,슬렌더
2124,슴
2125,슴가
2126,슴가크고
2127,슴골
2128,슴만튀
2129,슴만튀할
2130,슴바꼭질
2131,슴부
2132,슴부먼트
2133,슴부심
2134,슴살
2135,슴파
2136,슴파인
2137,승부
2138,시
2139,시녀짓
2140,시도
2141,시무룩
2142,시발
2143,시오후키
2144,시집
2145,시키
2146,시키ㄴ
2147,식겁
2148,식스팩
2149,신
2150,신분세탁
2151,신음
2152,신음소리
2153,실
2154,실룩
2155,실리콘
2156,실자지
2157,실장
2158,실잦
2159,실전
2160,실즂
2161,실하
2162,실한
2163,실해
2164,심
2165,십
2166,십구금
2167,십창련
2168,싱싱
2169,싱싱하
2170,싶
2171,싸
2172,싸ㄴ다는
2173,싸개
2174,싸게
2175,싸구려
2176,싸기
2177,싸는
2178,싸다
2179,싸도
2180,싸롱
2181,싸버리고
2182,싸버림
2183,싸보이
2184,싸어
2185,싸어버리
2186,싸주
2187,싸주고
2188,싸주세요
2189,싸줄
2190,싸줄게
2191,싸지르
2192,싸지르고
2193,싸질
2194,싸질러
2195,싸튀
2196,싸튀충
2197,싼
2198,쌀
2199,쌀거
2200,쌀때
2201,쌀뻔
2202,쌈
2203,쌌다
2204,쌌지
2205,쌍방울
2206,쌔끈
2207,쌔끈빠끈
2208,쌔끈빡끈
2209,쌔끈하냐
2210,쌔끈하네
2211,쌔끈한
2212,쌕정
2213,쌩아다
2214,썌끈
2215,썸
2216,쎄끈
2217,쎄끈남
2218,쎄끈한
2219,쎅끈
2220,쎅끈빡끈
2221,쎅쉬
2222,쎅스
2223,쎅쒸
2224,쎅쓰
2225,쎅씨
2226,쎅정
2227,쎅파
2228,쎆쓰
2229,쏠
2230,쐬
2231,쑤셔
2232,쑤셔넣
2233,쑤셔넣고
2234,쑤시
2235,쑤시다
2236,쑤시어넣
2237,쑤신다고
2238,쑤실
2239,쑤컹
2240,쑤컹쑤컹
2241,쓰
2242,쓰리
2243,쓰리섬
2244,쓰리썸
2245,씝
2246,씝물
2247,씝창
2248,씝창나개
2249,씨
2250,씨받
2251,씨받으
2252,씨받이
2253,씨뿌리
2254,씨앗
2255,씨액스
2256,씰룩
2257,씰룩거리
2258,씰질
2259,씹
2260,씹구멍
2261,씹노꼴
2262,씹대꼴
2263,씹뜬다고
2264,씹머꼴
2265,씹질
2266,앂
2267,앂년
2268,앂다까리
2269,앂줄
2270,앂질
2271,아
2272,아가씨
2273,아기씨
2274,아날
2275,아다
2276,아다라
2277,아다일까
2278,아달까
2279,아동성애
2280,아동성애자
2281,아동포르노
2282,아래
2283,아래가젖
2284,아래를빨
2285,아래쪽
2286,아랫
2287,아랫도리
2288,아랫돌
2289,아랫배
2290,아랫입
2291,아스팔트
2292,아줌탱
2293,안
2294,안마
2295,안마방
2296,안박아
2297,안에다싸
2298,안에싸
2299,안주
2300,안쪽
2301,안쫠깃
2302,앉히
2303,알
2304,알몸
2305,알차
2306,알페스
2307,암내
2308,암캐
2309,암캐련
2310,암컷
2311,암컷노예
2312,앙
2313,앙앙
2314,앙앙거리
2315,앙앙거리는
2316,앙앙거리다
2317,앙앙대
2318,앙큼한
2319,앙탈
2320,앞뒤
2321,애
2322,애기발싸대
2323,애널
2324,애널써킹
2325,애널임
2326,애로
2327,애로배우
2328,애매
2329,애무
2330,애미
2331,애비
2332,애스
2333,애싸개
2334,애액
2335,애인
2336,액
2337,액받
2338,액받이
2339,앰
2340,앰우
2341,앱
2342,앵
2343,앵물
2344,앵앵
2345,야
2346,야노
2347,야덩
2348,야덩보느라
2349,야동
2350,야동년
2351,야동배우
2352,야들
2353,야들야들
2354,야릇
2355,야리꾸리
2356,야메떼
2357,야발련
2358,야벅지
2359,야스
2360,야스감
2361,야스감임
2362,야스할
2363,야시꼬리
2364,야시꾸리
2365,야시시
2366,야싸
2367,야애니
2368,야외
2369,야외섹
2370,야외섹스
2371,야짤
2372,야추
2373,야캠
2374,야하
2375,야하ㄴ
2376,야하게
2377,야하고
2378,야하냐
2379,야하다
2380,야하지
2381,야한
2382,야한거
2383,야한동영상
2384,야한사진
2385,야한얼굴
2386,약
2387,양
2388,양공주
2389,양기
2390,양기빨어
2391,양기충전
2392,양남
2393,양녀
2394,양손
2395,양캐련
2396,양키
2397,어
2398,어도
2399,어떻
2400,어라
2401,어른
2402,어리
2403,어리ㄹ수록
2404,어린년
2405,어매
2406,어머니
2407,어서
2408,어야
2409,어야지
2410,어장
2411,어필
2412,얼
2413,얼굴
2414,얼굴값
2415,얼싸
2416,엄마
2417,엄하
2418,엄한
2419,업
2420,업드
2421,업드려
2422,업소
2423,업소꿈나무
2424,업소녀
2425,업소년
2426,업스커트
2427,없
2428,없이
2429,엇
2430,었
2431,엉계
2432,엉댕이
2433,엉덩이
2434,엉덩이도튼실
2435,엉덩이주무럭
2436,엉덩이큰
2437,엉덩이탱탱
2438,엉뎅이
2439,엉디
2440,엉만튀
2441,엉밑살
2442,엉밑살봐
2443,엉벅지
2444,에
2445,에그
2446,에다
2447,에다가
2448,에로
2449,에로배우
2450,에로비디오
2451,에미
2452,에서
2453,에셈플
2454,에어다방녀
2455,에이브이
2456,에이브이배우
2457,에이스
2458,에이즈
2459,에이컵
2460,엔조이
2461,엠흑
2462,여경
2463,여고
2464,여고딩
2465,여고생
2466,여관바리
2467,여대
2468,여대생
2469,여물
2470,여성미
2471,여성상위
2472,여성체위
2473,여시
2474,여왕벌
2475,여우
2476,여유
2477,여유증
2478,여자
2479,여자돌림빵
2480,여자력
2481,여자맛
2482,여자먹는
2483,여자바스트
2484,여자소중이
2485,여자치맛속
2486,여자팬티
2487,여중
2488,여친
2489,여캠
2490,여편네
2491,역
2492,역겹
2493,연
2494,연떡
2495,연유
2496,염
2497,영
2498,영감
2499,영계
2500,영계년
2501,영상
2502,옆
2503,옆가슴
2504,옆집
2505,예민
2506,예비
2507,예쁘
2508,예쁜이수술
2509,오
2510,오나니
2511,오나홀
2512,오럴
2513,오럴하다
2514,오르
2515,오르가슴
2516,오르가즘
2517,오빠
2518,오우야
2519,오이
2520,오지
2521,오지콤
2522,오징어
2523,오징어냄새
2524,오크녀
2525,오크년
2526,오픈
2527,오피
2528,오피녀
2529,오피년
2530,오피련
2531,오피방
2532,오피스
2533,올라타
2534,올라탄
2535,옷
2536,와꾸
2537,와이존
2538,왁싱
2539,완꼴
2540,완숙
2541,완전
2542,왕
2543,왕가슴
2544,왕꼬치
2545,왕년
2546,왕슴가
2547,왕자지
2548,왕잣탱
2549,왕잣탱이
2550,왕잣탱이로
2551,왕잦탱
2552,왕젓탱
2553,왕좟탱
2554,왕찌찌
2555,외간
2556,요
2557,요도
2558,요도염
2559,요분질
2560,요즘
2561,욕구
2562,욕구불만
2563,욕구해소
2564,욕망
2565,욕정
2566,용
2567,우
2568,우동
2569,우리
2570,우유
2571,우유발사기
2572,우유통
2573,운동
2574,운운
2575,운전석
2576,울앰
2577,울앱
2578,움켜잡
2579,움켜쥐
2580,움켜쥐다
2581,원
2582,원나
2583,원나잇
2584,원나잇감
2585,원나잇계
2586,원나잇에
2587,원정
2588,원정녀
2589,원조
2590,원조교제
2591,월경
2592,웜퇘지
2593,웟나잇
2594,위
2595,위로
2596,위아래
2597,위안부
2598,윗입
2599,유
2600,유가
2601,유두
2602,유륜
2603,유린
2604,유부
2605,유부냔
2606,유부녀
2607,유부년
2608,유사성행위
2609,유인
2610,유작
2611,유출
2612,유포
2613,유행
2614,유혹
2615,유흥
2616,유흥업소
2617,육
2618,육구
2619,육노예
2620,육덕
2621,육덕녀
2622,육덕이
2623,육덕진
2624,육변기
2625,육변기년
2626,육봉
2627,육수
2628,육진
2629,육질
2630,윤간
2631,윤락녀
2632,으
2633,으니까
2634,으라고
2635,으러
2636,으려고
2637,으면
2638,으슥
2639,으응
2640,은
2641,은꼴
2642,을
2643,을께
2644,을라고
2645,음
2646,음경
2647,음경확대
2648,음기
2649,음란
2650,음란행위
2651,음모
2652,음순
2653,음지
2654,음직
2655,음침
2656,음탕
2657,음탕한
2658,음흉
2659,응
2660,응꼬
2661,응댕
2662,응댕이
2663,응디
2664,응에응에
2665,응우옌
2666,응원
2667,응큼
2668,의
2669,의상
2670,의젓
2671,의젖
2672,의젖녀
2673,이
2674,이꾸
2675,이꾸이꾸
2676,이나
2677,이렇게
2678,이쁜련
2679,이쁜이
2680,이쁜이수술
2681,이상성욕
2682,이성애자
2683,이잉
2684,인간사료
2685,인공
2686,인구수
2687,일
2688,일베
2689,일자몸매
2690,일자몸통
2691,임
2692,임신
2693,임신공격
2694,임신부
2695,임신시켜
2696,임신시키
2697,입
2698,입던속옷
2699,입보쥐
2700,입보지
2701,입봉사
2702,입술
2703,입으로해
2704,있
2705,자
2706,자G
2707,자고
2708,자고싶
2709,자구
2710,자국
2711,자궁
2712,자궁폭격
2713,자극
2714,자기
2715,자기위로
2716,자는
2717,자는것
2718,자다
2719,자댕
2720,자댕이
2721,자동문
2722,자들
2723,자들자들
2724,자릉
2725,자릉내
2726,자마자
2727,자매덮밥
2728,자박
2729,자박꼼
2730,자빠드리
2731,자빠뜨리
2732,자빠져
2733,자빠지
2734,자빠트려
2735,자세
2736,자슬아치
2737,자야
2738,자연
2739,자연산
2740,자연산빨통
2741,자위
2742,자위기구
2743,자위용
2744,자위중
2745,자위질
2746,자위행위
2747,자자
2748,자자고
2749,자적자
2750,자지
2751,자지맛
2752,자집
2753,자취
2754,자테크
2755,작
2756,작다
2757,작아
2758,작업
2759,잔다
2760,잘
2761,잘대준
2762,잘때
2763,잘생기
2764,잘주는년
2765,잠
2766,잠시
2767,잠자리
2768,잠자리상대
2769,잠지
2770,잠지키스
2771,잠짓
2772,잡
2773,잡수
2774,잡숴
2775,잡아
2776,잡이
2777,잡지
2778,잣
2779,잣물
2780,잣이
2781,잣잣
2782,잣지
2783,잣찌
2784,잣찌랭이
2785,잣탱이
2786,잤잤
2787,장사
2788,장애
2789,잦
2790,잦꼭지
2791,잦맛
2792,잦머갈
2793,잦물
2794,잦빨
2795,잦이
2796,잦이물
2797,잦이커서
2798,잦지
2799,잦집
2800,잦탱
2801,재기
2802,재끼
2803,재벌
2804,재우
2805,재워
2806,잼민이
2807,쟈댕이
2808,저
2809,저능
2810,저능아
2811,저러
2812,저쪼아래
2813,저탱
2814,적
2815,적시
2816,적자
2817,전
2818,전남친
2819,전립선
2820,전복
2821,전여친
2822,전자발찌
2823,전화방
2824,전희
2825,절륜
2826,절벽
2827,절벽가슴
2828,절벽녀
2829,절벽몸매
2830,절정
2831,젊
2832,점
2833,접대
2834,접대부
2835,접대비
2836,젓
2837,젓가슴
2838,젓꼭
2839,젓꼭지
2840,젓탱
2841,젓탱이
2842,정
2843,정기
2844,정남
2845,정력
2846,정복
2847,정복감
2848,정상위
2849,정액
2850,정액받이
2851,정자
2852,정자받이
2853,정자싸개
2854,정제
2855,정조
2856,젖
2857,젖가슴
2858,젖게
2859,젖꼭지
2860,젖동냥
2861,젖문가
2862,젖비린내
2863,젖소
2864,젖소녀
2865,젖싸
2866,젖어
2867,젖어서
2868,젖었
2869,젖었나
2870,젖은
2871,젖을
2872,젖치기
2873,젖탱
2874,젖탱이
2875,젖탱이마져도
2876,젖통
2877,젖퉁이
2878,제맛
2879,제압봉
2880,젝스
2881,젤
2882,조
2883,조개
2884,조개라인
2885,조개살
2886,조개허벌조개
2887,조개확장공사
2888,조갯
2889,조갯살
2890,조건
2891,조건만남
2892,조교
2893,조련
2894,조루
2895,조루년
2896,조물
2897,조물조물
2898,조시
2899,조신
2900,조신녀
2901,조여
2902,조여줘
2903,조였
2904,조옷
2905,조옷물싸개
2906,조으
2907,조이
2908,조이고
2909,조이기
2910,조이는
2911,조이지
2912,조이콘
2913,조임
2914,조절
2915,존
2916,존꼴
2917,존나
2918,존물
2919,존물받이
2920,존부릴
2921,존슨
2922,졷
2923,졷내
2924,졷돌
2925,졷맛
2926,졷물
2927,졷물받이
2928,졷박아서
2929,졷박어서
2930,졷방망이
2931,졷부
2932,졷집
2933,졸
2934,졸사딸
2935,좀
2936,좁
2937,좁보
2938,좁빵망이
2939,좃
2940,좃맛
2941,좃물
2942,좃물받이
2943,좃물싸개
2944,좃물에
2945,좃질
2946,좃집
2947,종아리
2948,좆
2949,좆내
2950,좆냄새
2951,좆맛
2952,좆물
2953,좆물싸개
2954,좆물착즙기
2955,좆물착즙기야
2956,좆질
2957,좆집
2958,좆팍
2959,좇
2960,좇꼴
2961,좇집
2962,좋
2963,좋아
2964,좌
2965,좌삼삼
2966,좌지
2967,좜지
2968,좟탱
2969,죠온나
2970,죧
2971,죳
2972,죶
2973,죶물
2974,죷
2975,주
2976,주ㅁ
2977,주고
2978,주나보다
2979,주니어
2980,주다
2981,주댕
2982,주댕이
2983,주려
2984,주먹
2985,주면
2986,주무르
2987,주물
2988,주물거려
2989,주물러
2990,주물럭
2991,주물럭거리
2992,주물주물
2993,주어
2994,주인
2995,주인님
2996,주입
2997,주지
2998,죽
2999,죽여
3000,죽이
3001,죽이긴
3002,준내
3003,줄
3004,줄줄
3005,중
3006,중고
3007,중고딩
3008,중딩
3009,중요
3010,줘
3011,줘도
3012,줘서
3013,쥐어짜
3014,쥬댕이
3015,쥬쥬
3016,쥬쥬통
3017,쥬지
3018,쥬지맛
3019,쥬지질
3020,쥰나
3021,쥰내
3022,즂
3023,즐
3024,즐딸
3025,즐딸해라
3026,즐떡
3027,즘
3028,즙
3029,지
3030,지ㄴ
3031,지뢰밭
3032,지루
3033,지르
3034,지리
3035,지명
3036,지보
3037,지스팟
3038,지스폿
3039,지운년
3040,진
3041,진국
3042,진도
3043,진동기
3044,진짜
3045,질
3046,질끄럼틀
3047,질내
3048,질내사정
3049,질내싸
3050,질방구
3051,질사
3052,질사정
3053,질식사
3054,질싸
3055,질쌰
3056,질압
3057,질염
3058,질질
3059,질질싸
3060,질질쌈
3061,질질흘리
3062,질퍽
3063,질펀
3064,짐승
3065,집
3066,집단
3067,집창촌
3068,짓
3069,짓거리
3070,징
3071,짜
3072,짜다
3073,짜리
3074,짜장
3075,짝
3076,짝짓기
3077,짤
3078,짧
3079,짧뚱
3080,짧아
3081,짧은바지
3082,짧은옷
3083,짬지
3084,짬쮜
3085,짭가슴
3086,짱깨
3087,쨈쥐
3088,쨈지
3089,쨤쮜냔
3090,쩍
3091,쩍벌
3092,쩍벌남
3093,쩍벌녀
3094,쩜
3095,쩡액
3096,쪼
3097,쪼그라
3098,쪼물
3099,쪼여
3100,쪼이
3101,쪼이면
3102,쪼임
3103,쪽국
3104,쪽쪽
3105,쫀득
3106,쫀득하
3107,쫀쫀
3108,쫄깃
3109,쫄깃쫄깃
3110,쫄깃하
3111,쫙조이
3112,쫙쫙벌리
3113,쫨지
3114,쭈굴탱이
3115,쭈무르고
3116,쭈물러도돼
3117,쭈주
3118,쭈쭈
3119,쭈쭈빵빵
3120,쭈쭈통
3121,쭉
3122,쭉빵
3123,쭉빵걸
3124,쭉빵승무원
3125,쭉빵한
3126,쭉쭉
3127,쭉쭉빵빵
3128,쭙쭙
3129,쮸쮸
3130,쮸쮸먹
3131,찌걱
3132,찌걱찌걱
3133,찌르
3134,찌릉내
3135,찌린내
3136,찌찌
3137,찌찌파티
3138,찍
3139,찍싸개
3140,찍어
3141,찐따
3142,찔리
3143,찜방
3144,찢
3145,찢어
3146,찢어지
3147,찧
3148,찧고
3149,착
3150,착즙
3151,참
3152,참가슴
3153,참고
3154,참젖
3155,창
3156,창기
3157,창날
3158,창냔
3159,창냔임
3160,창넘
3161,창녀
3162,창녀들
3163,창녀촌
3164,창년
3165,창놈
3166,창뇸
3167,창련
3168,창령
3169,창롬
3170,창부
3171,창촌
3172,채우
3173,채찍
3174,챙
3175,챙냔
3176,챙넘
3177,챙녀
3178,챙녀들
3179,챙녀촌
3180,챙년
3181,챙놈
3182,챙럼
3183,챙련
3184,챙련이여서
3185,챙롬
3186,챙짓
3187,처녀
3188,처녀떼
3189,처녀론
3190,처녀막
3191,처녀성
3192,처리
3193,처리기
3194,처박
3195,처박고
3196,처자
3197,처져서
3198,처지
3199,천박
3200,첩
3201,첩년
3202,첩실
3203,첫경험
3204,첫날밤
3205,체력
3206,체위
3207,쳐
3208,쳐다보
3209,쳐다보고
3210,쳐도
3211,쳐박고
3212,쳐팔
3213,초대
3214,초대남
3215,초대녀
3216,초딩몸매
3217,초이스
3218,초코파이
3219,촉감
3220,촌
3221,촵촵촵
3222,쵕녀
3223,추
3224,추행
3225,축
3226,축처진
3227,출근
3228,출렁
3229,출렁거리
3230,출렁이
3231,출렁출렁
3232,출산
3233,충
3234,충동
3235,췡녀
3236,췡놈
3237,췡럼
3238,췡련
3239,취
3240,취집
3241,취하
3242,치
3243,치ㄹ지
3244,치고
3245,치기
3246,치마
3247,치마가짧
3248,치마속
3249,치마에손
3250,치켜들
3251,치토스
3252,친구
3253,칠
3254,칠하
3255,침
3256,침대
3257,침대경험
3258,침대스포츠
3259,침대에서
3260,침대에선
3261,침대위
3262,칭챙총
3263,카섹
3264,카스
3265,카쎅
3266,카쎽
3267,캠
3268,커널링
3269,커다랗
3270,커져
3271,커지
3272,컵
3273,코
3274,코끼리
3275,코르셋
3276,코박다
3277,코박죽
3278,코스튬
3279,코스프레
3280,코피
3281,콘
3282,콘돔
3283,콜걸
3284,쿠퍼
3285,쿠퍼액
3286,쿵떡쿵떡
3287,크
3288,크ㄴ
3289,크ㄹ
3290,크기
3291,크니까
3292,큰
3293,클럽
3294,클리
3295,클리에
3296,클리토리우스
3297,키슈
3298,키스
3299,키스방
3300,키잡
3301,킹머꼴
3302,타
3303,타락
3304,타보고
3305,타보았지
3306,탁탁
3307,탄력
3308,탄탄
3309,탄탄하
3310,탈
3311,탈코
3312,탈한녀
3313,탐
3314,탐스
3315,탐스럽
3316,탐스럽고
3317,탐시
3318,탑
3319,탱글
3320,탱글탱글
3321,탱글해야
3322,탱크
3323,탱크탑
3324,탱크통
3325,탱탱
3326,탱탱녀
3327,터널
3328,터지
3329,터질
3330,터치
3331,터트리
3332,털
3333,털많은
3334,테크닉
3335,텐트
3336,텐프로
3337,텔
3338,토실
3339,통
3340,통나무
3341,통짜
3342,통짜골반
3343,통짜허리
3344,통허리
3345,퇴폐
3346,퇴폐업소
3347,투시
3348,툭
3349,퉁기
3350,튀
3351,튀어
3352,튀어나오
3353,트젠
3354,트젠냔
3355,트젠바
3356,틀
3357,틀추
3358,티팬티
3359,파
3360,파는
3361,파묻
3362,파묻히
3363,파열
3364,파이
3365,파이어
3366,파이어에그
3367,파이즈리
3368,파인
3369,파퀴
3370,파트너
3371,파티
3372,판
3373,판돈
3374,판판
3375,팔
3376,팔게
3377,팔고
3378,팔다
3379,팔더라
3380,팔러
3381,팔아
3382,팔아라
3383,팔아서
3384,패티
3385,패티쉬
3386,팬티
3387,팬티냄새
3388,팬티라인
3389,팬티색
3390,팬티안
3391,팬티자국
3392,퍼킹
3393,퍽퍽
3394,페니스
3395,페도
3396,페도충
3397,페도필리아
3398,페미
3399,페미년
3400,페티
3401,페티쉬
3402,페티시
3403,펠라
3404,펠라치오
3405,펨돔
3406,폐경
3407,폐물
3408,포
3409,포경
3410,포경수술
3411,포르노
3412,포르노배우
3413,포썸
3414,포지션
3415,폭
3416,폭격
3417,폭스
3418,폭탄
3419,폭풍야스
3420,폭행
3421,폰섹
3422,폰헙
3423,폴
3424,퐁퐁
3425,푸슉
3426,푹푹
3427,풀
3428,풀발
3429,풀발기
3430,풀살롱
3431,풀싸롱
3432,풀어야
3433,품종
3434,풍
3435,풍기
3436,풍기문란
3437,풍만한
3438,풍선
3439,풔킹
3440,퓨숙
3441,프로젝트
3442,프르노
3443,플러그
3444,플레이
3445,피
3446,피냄새
3447,피발싸기
3448,피분수
3449,피스톤
3450,피스톤질
3451,피싸
3452,피싸개
3453,피싸개가
3454,피싸개야
3455,피싸는
3456,피임
3457,핀셋
3458,핑
3459,핑꺽지
3460,핑꾸
3461,핑두
3462,핑보
3463,핑자
3464,핑크꼭지
3465,핑크녀
3466,핑크빛
3467,하
3468,하ㄴ
3469,하ㄹ
3470,하고
3471,하까
3472,하나
3473,하녀
3474,하는
3475,하다
3476,하룻밤
3477,하면
3478,하반신
3479,하악
3480,하앍
3481,하앍대
3482,하얗
3483,하어
3484,하자
3485,하체
3486,학폭
3487,한
3488,한남
3489,한남소추
3490,한녀
3491,한녀싸개
3492,한발
3493,한발빼
3494,한발뺄
3495,한번
3496,한테
3497,한판
3498,할
3499,할거
3500,할때
3501,할례
3502,할매젖
3503,할미
3504,할배
3505,할카스
3506,핥
3507,핥게
3508,핥고
3509,핥고싶다
3510,핥다
3511,핥아
3512,핥아보고
3513,핥어
3514,핥으면
3515,핥을
3516,핥짝핥짝
3517,함
3518,함뜨
3519,함락
3520,함몰
3521,합성짤
3522,합의
3523,합체
3524,핫팬츠
3525,항
3526,항면
3527,항문
3528,해
3529,해달
3530,해바라기
3531,해바라기씨
3532,해벌래
3533,해보
3534,해볼
3535,해소용
3536,해야
3537,해주
3538,핸드잡
3539,행위
3540,행주
3541,행주년
3542,행주봊지
3543,행주판
3544,허
3545,허덕
3546,허리
3547,허리놀림
3548,허리돌리는
3549,허벅지
3550,허벅쪼임
3551,허벌
3552,허벌나
3553,허벌년
3554,허벌로
3555,허벌보댕
3556,허벌보댕이
3557,허벌보지
3558,허벌봊년
3559,허벌뵤지
3560,허벌뷰지
3561,허벌에
3562,허벌이
3563,허벌이라
3564,허벌조개
3565,허벌창
3566,허벌창난
3567,허벌창이여
3568,허벌챙
3569,허벌챙년
3570,허벚기
3571,헐
3572,헐거
3573,헐거워
3574,헐겁
3575,헐떡
3576,헐떡거리
3577,헐렁
3578,헐렁봊이
3579,헐렁이
3580,헐렁하
3581,헐렁헐렁
3582,헐버렁지
3583,헐버렁지여서
3584,헐벗
3585,헐벗고
3586,헐벗은
3587,헐벗을
3588,헐어
3589,헐었
3590,헙얼봊이
3591,헤
3592,헤롱
3593,헤어나오
3594,헤어지
3595,헤으응
3596,헤퍼
3597,헤프
3598,헤프게
3599,헤프다
3600,헤픈
3601,헤픈애
3602,헬렐레
3603,혀
3604,혀놀림
3605,혓바닥
3606,호모
3607,호빠
3608,호빠남
3609,호빠챙놈
3610,호스트바
3611,호스트빠
3612,호스티스
3613,호텔
3614,혼숙
3615,혼자
3616,혼전
3617,혼전순결
3618,홀
3619,홀딱
3620,홀딱벗
3621,홀딱쇼
3622,홀로
3623,홀리
3624,홀복
3625,홍등가
3626,홍수보댕이
3627,홍콩
3628,홍콩보내
3629,홍합살
3630,화
3631,화끈
3632,화냥
3633,화냥년
3634,화냥짓거리
3635,화류
3636,화류계
3637,화류계출신
3638,화장실
3639,활딱벗고
3640,후
3641,후궁
3642,후궁처소
3643,후까시
3644,후다
3645,후다일까
3646,후달까
3647,후리
3648,후배위
3649,후비
3650,후빨
3651,후빨러
3652,후장
3653,후전깨
3654,후짱
3655,후처
3656,훌떡벗
3657,훔쳐보
3658,훗장
3659,훗짱
3660,휘젓
3661,흉
3662,흉물
3663,흉자
3664,흐르
3665,흐르다
3666,흐뭇
3667,흐뭇하
3668,흑
3669,흑녀
3670,흑두
3671,흑마
3672,흑보
3673,흑봊
3674,흑인
3675,흑짬지
3676,흑형
3677,흔녀
3678,흔들
3679,흔들ㄹ
3680,흔들리
3681,흔들리는
3682,흔들림
3683,흘리
3684,흠뻑
3685,흥건
3686,흥분
3687,흥분되었
3688,흥분제
3689,희롱
3690,히토미
3691,힙
